Label,Suppressed
URI,https://opengeometadata.org/ogm-aardvark/#suppressed
Field Name,gbl_suppressed_b
Field Type,Boolean
Obligation,Optional
Multivalued,False
Purpose,"To hide items from users in the search results. If set to ""true"", the record will not appear in search results. It is still accessible from the data relations widgets and via direct URL."
Entry Guidelines,Only one of two values are allowed: true or false.
Commentary,"This field is useful for multipart items with identical metadata, such as pages in an atlas or series. Suppressing a record does not remove it. To have harvesters delete a record, [withdraw it](../withdraw-records) instead."
Controlled Vocabulary,Yes - strict
Example Value,true
Element Set,GBL
Group,Admin
